Title,Code,Stars,Capacity,Date,Author,Url,Poster_url,ScreenShot_url,Magnet,Torrent
ATID-422  和已故丈夫的儿子侵犯内射堕落的黑丝未亡人樱树玲奈,ATID-422,桜樹玲奈,4.12GB,2020/5/10 10:10,Hero168,https://www.98rewer.me/forum.php?mod=viewthread&tid=335820&extra=page%3D3%26filter%3Dtypeid%26typeid%3D480,https://jp.netcdn.space/digital/video/atid00422/atid00422pl.jpg,https://www.assdrty.com/tupian/forum/202005/10/101017kvn87nii1d1f59uo.jpg,magnet:?xt=urn:btih:00805C086B9E4076CC764BB1F9FCCE527D537ADF,https://www.98rewer.me/forum.php?mod=attachment&aid=NTM1MDMyfDZmNDZkNjE1fDE1ODk1MjUyMjR8MHwzMzU4MjA%3D
CAWD-077  在籍女大学生化名为小笑志愿出演AV作品体验被玩弄的感觉,CAWD-077,未知,6.08GB,2020/5/6 10:04,Hero168,https://www.98rewer.me/forum.php?mod=viewthread&tid=333760&extra=page%3D5%26filter%3Dtypeid%26typeid%3D480,https://jp.netcdn.space/digital/video/cawd00077/cawd00077pl.jpg,https://www.assdrty.com/tupian/forum/202005/06/100339krs4jajikf3ak5ks.jpg,magnet:?xt=urn:btih:A011EB3A76665C7B8D2B9B1272C63664BE13FC9C,https://www.98rewer.me/forum.php?mod=attachment&aid=NTI4NTYzfDNiNGMzNDRmfDE1ODk1MjUzNzB8MHwzMzM3NjA%3D
CJOD-239  隔壁喜欢健身的魔鬼身材人妻凛音桃花诱惑我活塞骑乘位内射做爱,CJOD-239,凛音とうか,4.92GB,2020/4/25 10:29,Hero168,https://www.98ddt.xyz/forum.php?mod=viewthread&tid=328037&extra=page%3D1%26filter%3Dtypeid%26typeid%3D480,https://jp.netcdn.space/digital/video/cjod00239/cjod00239pl.jpg,https://www.assdrty.com/tupian/forum/202004/25/102839rqzzf53lm8t0af8t.jpg,magnet:?xt=urn:btih:D77D62FA310B3478895A4F0CBA58378BF880C2A9,https://www.98ddt.xyz/forum.php?mod=attachment&aid=NTA0MTU2fDEwNzY4NDQwfDE1ODc3OTE5MTF8MHwzMjgwMzc%3D
HND-832  安排男优在采访过程中出其不意的插入女优渚美月在不能抵抗的状态下连续内射,HND-832,渚みつき,4.84GB,2020/4/25 10:31,Hero168,https://www.98ddt.xyz/forum.php?mod=viewthread&tid=328040&extra=page%3D1%26filter%3Dtypeid%26typeid%3D480,https://jp.netcdn.space/digital/video/hnd00832/hnd00832pl.jpg,https://www.assdrty.com/tupian/forum/202004/25/103037fda83ckki57ki5p5.jpg,magnet:?xt=urn:btih:209533E9DF174B0D1F37EC19B4B41FABAC321DF2,https://www.98ddt.xyz/forum.php?mod=attachment&aid=NTA0MTU4fDY3N2IwYTYwfDE1ODc3OTE5MDh8MHwzMjgwNDA%3D
JUL-203  当初一直叫我伯伯的可爱小女孩居然结婚了无法接受的我把她关在家里持续侵犯内射,JUL-203,松本いちか,4.8GB,2020/4/24 13:29,Hero168,https://www.98ddt.xyz/forum.php?mod=viewthread&tid=327658&extra=page%3D1%26filter%3Dtypeid%26typeid%3D480,https://jp.netcdn.space/digital/video/jul00203/jul00203pl.jpg,https://www.assdrty.com/tupian/forum/202004/24/132911sgyodtnuaj8uijg2.jpg,magnet:?xt=urn:btih:8D6F0D37648773000E5555AF59F40C013B0785E0,https://www.98ddt.xyz/forum.php?mod=attachment&aid=NTAyODQzfGVmYmQ5ZTY1fDE1ODc3OTE5MTh8MHwzMjc2NTg%3D
VENU-924  老婆回娘家待产她的巨乳姐姐君岛美绪来照顾一个人住的我勾引我和她内射做爱,VENU-924,君島みお,4.28GB,2020/4/24 10:44,Hero168,https://www.98ddt.xyz/forum.php?mod=viewthread&tid=327534&extra=page%3D1%26filter%3Dtypeid%26typeid%3D480,https://jp.netcdn.space/digital/video/venu00924/venu00924pl.jpg,https://www.assdrty.com/tupian/forum/202004/24/104424nmtj8g9gghdgzuu0.jpg,magnet:?xt=urn:btih:37D1B63254F9891BDC9761B7176BE73DFE29D996,https://www.98ddt.xyz/forum.php?mod=attachment&aid=NTAyNjQ2fDIxZjQ5Y2IzfDE1ODc3OTE5MjJ8MHwzMjc1MzQ%3D
VEC-415  因为老公不愿意开车送巨乳人妻美园和花只好坐电车被痴汉们趁虚而入轮奸内射,VEC-415,美園和花,4.63GB,2020/4/24 10:41,Hero168,https://www.98ddt.xyz/forum.php?mod=viewthread&tid=327528&extra=page%3D1%26filter%3Dtypeid%26typeid%3D480,https://jp.netcdn.space/digital/video/vec00415/vec00415pl.jpg,https://www.assdrty.com/tupian/forum/202004/24/104036s1veehh06alk891y.jpg,magnet:?xt=urn:btih:18119B02AF7C5FFA6CF176652BF1432F2C501B21,https://www.98ddt.xyz/forum.php?mod=attachment&aid=NTAyNjQxfDk0ODUwNGFhfDE1ODc3OTE5MTl8MHwzMjc1Mjg%3D
URE-056  经典漫改趁着姨丈不注意和阿姨友田真希内射做爱,URE-056,友田真希,6.07GB,2020/4/24 10:39,Hero168,https://www.98ddt.xyz/forum.php?mod=viewthread&tid=327526&extra=page%3D1%26filter%3Dtypeid%26typeid%3D480,https://jp.netcdn.space/digital/video/ure00056/ure00056pl.jpg,https://www.assdrty.com/tupian/forum/202004/24/103908h0k1b92fb3hk0sn1.jpg,magnet:?xt=urn:btih:575D99F938047CFE90B0F76452B24ED70A2B60F5,https://www.98ddt.xyz/forum.php?mod=attachment&aid=NTAyNjI5fDFmNWE0ZDY5fDE1ODc3OTE5MjF8MHwzMjc1MjY%3D
SSNI-756  加入约会俱乐部的美女三上悠亚为干爹们服务给他们一段美好的恋爱回忆,SSNI-756,三上悠亜,6.04GB,2020/4/24 10:38,Hero168,https://www.98ddt.xyz/forum.php?mod=viewthread&tid=327524&extra=page%3D1%26filter%3Dtypeid%26typeid%3D480,https://jp.netcdn.space/digital/video/ssni00756/ssni00756pl.jpg,https://www.assdrty.com/tupian/forum/202004/24/103755f0l0xvv0pedl8lqz.jpg,magnet:?xt=urn:btih:AD311931D6830F65BB9F3C7A39E07CFE291DA3B6,https://www.98ddt.xyz/forum.php?mod=attachment&aid=NTAyNjI3fDIyYTVjMTJifDE1ODc3OTE5MzJ8MHwzMjc1MjQ%3D
JUL-202  出差的我和一直照顾我的大岛优香前辈同房忍不住强上了已为人妻的她,JUL-202,大島優香,4.87GB,2020/4/24 10:37,Hero168,https://www.98ddt.xyz/forum.php?mod=viewthread&tid=327521&extra=page%3D1%26filter%3Dtypeid%26typeid%3D480,https://jp.netcdn.space/digital/video/jul00202/jul00202pl.jpg,https://www.assdrty.com/tupian/forum/202004/24/103631o7fwzpffp5wm4545.jpg,magnet:?xt=urn:btih:2F546C8C1581FB926B8D85EB7D906B650157E3EB,https://www.98ddt.xyz/forum.php?mod=attachment&aid=NTAyNjIzfGQyMjk1MTBjfDE1ODc3OTE5MjV8MHwzMjc1MjE%3D
JUL-201  充满汗水的中出回老家跟母亲做爱,JUL-201,岡江凛,4.64GB,2020/4/24 10:35,Hero168,https://www.98ddt.xyz/forum.php?mod=viewthread&tid=327520&extra=page%3D1%26filter%3Dtypeid%26typeid%3D480,https://jp.netcdn.space/digital/video/jul00201/jul00201pl.jpg,https://www.assdrty.com/tupian/forum/202004/24/103510koa88j7sj3oq8vfx.jpg,magnet:?xt=urn:btih:30C2D0365A9FCC361855DA9BA81697D1EF7BC4D4,https://www.98ddt.xyz/forum.php?mod=attachment&aid=NTAyNjIwfDYyMTk5YmQ2fDE1ODc3OTE5Mjl8MHwzMjc1MjA%3D
JUL-200  为了公司的资金人妻向井蓝被老公请求去照顾他的禽兽伯父被不断调教内射,JUL-200,向井藍,4.73GB,2020/4/24 10:34,Hero168,https://www.98ddt.xyz/forum.php?mod=viewthread&tid=327517&extra=page%3D1%26filter%3Dtypeid%26typeid%3D480,https://jp.netcdn.space/digital/video/jul00200/jul00200pl.jpg,https://www.assdrty.com/tupian/forum/202004/24/103350uq858etefk58kga3.jpg,magnet:?xt=urn:btih:FE523B8D27AAA82F8AF6056B50662BB8E40438EF,https://www.98ddt.xyz/forum.php?mod=attachment&aid=NTAyNjE3fGFlMGZmOGVmfDE1ODc3OTE5MjR8MHwzMjc1MTc%3D
